행정구역,2020년_계_총인구수,2020년_계_연령구간인구수,2020년_계_0~9세,2020년_계_10~19세,2020년_계_20~29세,2020년_계_30~39세,2020년_계_40~49세,2020년_계_50~59세,2020년_계_60~69세,2020년_계_70~79세,2020년_계_80~89세,2020년_계_90~99세,2020년_계_100세 이상,2020년_남_총인구수,2020년_남_연령구간인구수,2020년_남_0~9세,2020년_남_10~19세,2020년_남_20~29세,2020년_남_30~39세,2020년_남_40~49세,2020년_남_50~59세,2020년_남_60~69세,2020년_남_70~79세,2020년_남_80~89세,2020년_남_90~99세,2020년_남_100세 이상,2020년_여_총인구수,2020년_여_연령구간인구수,2020년_여_0~9세,2020년_여_10~19세,2020년_여_20~29세,2020년_여_30~39세,2020년_여_40~49세,2020년_여_50~59세,2020년_여_60~69세,2020년_여_70~79세,2020년_여_80~89세,2020년_여_90~99세,2020년_여_100세 이상,2021년_계_총인구수,2021년_계_연령구간인구수,2021년_계_0~9세,2021년_계_10~19세,2021년_계_20~29세,2021년_계_30~39세,2021년_계_40~49세,2021년_계_50~59세,2021년_계_60~69세,2021년_계_70~79세,2021년_계_80~89세,2021년_계_90~99세,2021년_계_100세 이상,2021년_남_총인구수,2021년_남_연령구간인구수,2021년_남_0~9세,2021년_남_10~19세,2021년_남_20~29세,2021년_남_30~39세,2021년_남_40~49세,2021년_남_50~59세,2021년_남_60~69세,2021년_남_70~79세,2021년_남_80~89세,2021년_남_90~99세,2021년_남_100세 이상,2021년_여_총인구수,2021년_여_연령구간인구수,2021년_여_0~9세,2021년_여_10~19세,2021년_여_20~29세,2021년_여_30~39세,2021년_여_40~49세,2021년_여_50~59세,2021년_여_60~69세,2021년_여_70~79세,2021년_여_80~89세,2021년_여_90~99세,2021년_여_100세 이상,2022년_계_총인구수,2022년_계_연령구간인구수,2022년_계_0~9세,2022년_계_10~19세,2022년_계_20~29세,2022년_계_30~39세,2022년_계_40~49세,2022년_계_50~59세,2022년_계_60~69세,2022년_계_70~79세,2022년_계_80~89세,2022년_계_90~99세,2022년_계_100세 이상,2022년_남_총인구수,2022년_남_연령구간인구수,2022년_남_0~9세,2022년_남_10~19세,2022년_남_20~29세,2022년_남_30~39세,2022년_남_40~49세,2022년_남_50~59세,2022년_남_60~69세,2022년_남_70~79세,2022년_남_80~89세,2022년_남_90~99세,2022년_남_100세 이상,2022년_여_총인구수,2022년_여_연령구간인구수,2022년_여_0~9세,2022년_여_10~19세,2022년_여_20~29세,2022년_여_30~39세,2022년_여_40~49세,2022년_여_50~59세,2022년_여_60~69세,2022년_여_70~79세,2022년_여_80~89세,2022년_여_90~99세,2022년_여_100세 이상,2023년_계_총인구수,2023년_계_연령구간인구수,2023년_계_0~9세,2023년_계_10~19세,2023년_계_20~29세,2023년_계_30~39세,2023년_계_40~49세,2023년_계_50~59세,2023년_계_60~69세,2023년_계_70~79세,2023년_계_80~89세,2023년_계_90~99세,2023년_계_100세 이상,2023년_남_총인구수,2023년_남_연령구간인구수,2023년_남_0~9세,2023년_남_10~19세,2023년_남_20~29세,2023년_남_30~39세,2023년_남_40~49세,2023년_남_50~59세,2023년_남_60~69세,2023년_남_70~79세,2023년_남_80~89세,2023년_남_90~99세,2023년_남_100세 이상,2023년_여_총인구수,2023년_여_연령구간인구수,2023년_여_0~9세,2023년_여_10~19세,2023년_여_20~29세,2023년_여_30~39세,2023년_여_40~49세,2023년_여_50~59세,2023년_여_60~69세,2023년_여_70~79세,2023년_여_80~89세,2023년_여_90~99세,2023년_여_100세 이상,2024년_계_총인구수,2024년_계_연령구간인구수,2024년_계_0~9세,2024년_계_10~19세,2024년_계_20~29세,2024년_계_30~39세,2024년_계_40~49세,2024년_계_50~59세,2024년_계_60~69세,2024년_계_70~79세,2024년_계_80~89세,2024년_계_90~99세,2024년_계_100세 이상,2024년_남_총인구수,2024년_남_연령구간인구수,2024년_남_0~9세,2024년_남_10~19세,2024년_남_20~29세,2024년_남_30~39세,2024년_남_40~49세,2024년_남_50~59세,2024년_남_60~69세,2024년_남_70~79세,2024년_남_80~89세,2024년_남_90~99세,2024년_남_100세 이상,2024년_여_총인구수,2024년_여_연령구간인구수,2024년_여_0~9세,2024년_여_10~19세,2024년_여_20~29세,2024년_여_30~39세,2024년_여_40~49세,2024년_여_50~59세,2024년_여_60~69세,2024년_여_70~79세,2024년_여_80~89세,2024년_여_90~99세,2024년_여_100세 이상,2025년_계_총인구수,2025년_계_연령구간인구수,2025년_계_0~9세,2025년_계_10~19세,2025년_계_20~29세,2025년_계_30~39세,2025년_계_40~49세,2025년_계_50~59세,2025년_계_60~69세,2025년_계_70~79세,2025년_계_80~89세,2025년_계_90~99세,2025년_계_100세 이상,2025년_남_총인구수,2025년_남_연령구간인구수,2025년_남_0~9세,2025년_남_10~19세,2025년_남_20~29세,2025년_남_30~39세,2025년_남_40~49세,2025년_남_50~59세,2025년_남_60~69세,2025년_남_70~79세,2025년_남_80~89세,2025년_남_90~99세,2025년_남_100세 이상,2025년_여_총인구수,2025년_여_연령구간인구수,2025년_여_0~9세,2025년_여_10~19세,2025년_여_20~29세,2025년_여_30~39세,2025년_여_40~49세,2025년_여_50~59세,2025년_여_60~69세,2025년_여_70~79세,2025년_여_80~89세,2025년_여_90~99세,2025년_여_100세 이상,2020년_총인구수,2020년_세대수,2020년_세대당 인구,2020년_남자 인구수,2020년_여자 인구수,2020년_남여 비율,2021년_총인구수,2021년_세대수,2021년_세대당 인구,2021년_남자 인구수,2021년_여자 인구수,2021년_남여 비율,2022년_총인구수,2022년_세대수,2022년_세대당 인구,2022년_남자 인구수,2022년_여자 인구수,2022년_남여 비율,2023년_총인구수,2023년_세대수,2023년_세대당 인구,2023년_남자 인구수,2023년_여자 인구수,2023년_남여 비율,2024년_총인구수,2024년_세대수,2024년_세대당 인구,2024년_남자 인구수,2024년_여자 인구수,2024년_남여 비율,2025년_총인구수,2025년_세대수,2025년_세대당 인구,2025년_남자 인구수,2025년_여자 인구수,2025년_남여 비율
와부읍,62502.0,62502.0,4158.0,7436.0,7848.0,6052.0,11152.0,11185.0,7630.0,4778.0,1937.0,295.0,31.0,30823.0,30823.0,2170.0,3810.0,4164.0,2970.0,5301.0,5681.0,3643.0,2231.0,765.0,80.0,8.0,31679.0,31679.0,1988.0,3626.0,3684.0,3082.0,5851.0,5504.0,3987.0,2547.0,1172.0,215.0,23.0,60226.0,60226.0,3615.0,7112.0,7519.0,5651.0,10374.0,11082.0,7829.0,4683.0,2045.0,304.0,12.0,29681.0,29681.0,1879.0,3643.0,3981.0,2815.0,4882.0,5607.0,3755.0,2188.0,840.0,87.0,4.0,30545.0,30545.0,1736.0,3469.0,3538.0,2836.0,5492.0,5475.0,4074.0,2495.0,1205.0,217.0,8.0,58198.0,58198.0,3136.0,6865.0,7081.0,5290.0,9659.0,10964.0,7970.0,4679.0,2227.0,312.0,15.0,28641.0,28641.0,1631.0,3500.0,3772.0,2674.0,4499.0,5490.0,3883.0,2164.0,938.0,87.0,3.0,29557.0,29557.0,1505.0,3365.0,3309.0,2616.0,5160.0,5474.0,4087.0,2515.0,1289.0,225.0,12.0,57586.0,57586.0,2846.0,6670.0,6819.0,5211.0,9107.0,11139.0,8252.0,4779.0,2452.0,299.0,12.0,28309.0,28309.0,1488.0,3412.0,3614.0,2631.0,4229.0,5561.0,4058.0,2197.0,1034.0,80.0,5.0,29277.0,29277.0,1358.0,3258.0,3205.0,2580.0,4878.0,5578.0,4194.0,2582.0,1418.0,219.0,7.0,58146.0,58146.0,2781.0,6435.0,6707.0,5524.0,8690.0,11276.0,8712.0,5074.0,2572.0,362.0,13.0,28532.0,28532.0,1450.0,3287.0,3531.0,2855.0,3996.0,5576.0,4310.0,2335.0,1078.0,107.0,7.0,29614.0,29614.0,1331.0,3148.0,3176.0,2669.0,4694.0,5700.0,4402.0,2739.0,1494.0,255.0,6.0,59575.0,59575.0,2744.0,6509.0,6549.0,5949.0,8656.0,11497.0,9044.0,5500.0,2719.0,397.0,11.0,29248.0,29248.0,1433.0,3329.0,3461.0,3080.0,4052.0,5628.0,4498.0,2491.0,1159.0,114.0,3.0,30327.0,30327.0,1311.0,3180.0,3088.0,2869.0,4604.0,5869.0,4546.0,3009.0,1560.0,283.0,8.0,62502.0,23748.0,2.63,30823.0,31679.0,0.97,60226.0,23199.0,2.6,29681.0,30545.0,0.97,58198.0,22587.0,2.58,28641.0,29557.0,0.97,57586.0,22494.0,2.56,28309.0,29277.0,0.97,58146.0,22891.0,2.54,28532.0,29614.0,0.96,59575.0,23803.0,2.5,29248.0,30327.0,0.96
진접읍,93126.0,93126.0,8365.0,11478.0,10556.0,10414.0,17484.0,15138.0,10930.0,5933.0,2500.0,312.0,16.0,47002.0,47002.0,4332.0,5944.0,5597.0,5166.0,8799.0,8042.0,5423.0,2667.0,947.0,81.0,4.0,46124.0,46124.0,4033.0,5534.0,4959.0,5248.0,8685.0,7096.0,5507.0,3266.0,1553.0,231.0,12.0,93408.0,93408.0,7573.0,11393.0,10755.0,9921.0,17073.0,15767.0,11783.0,6036.0,2758.0,336.0,13.0,47191.0,47191.0,3930.0,5902.0,5740.0,4963.0,8566.0,8344.0,5918.0,2706.0,1034.0,87.0,1.0,46217.0,46217.0,3643.0,5491.0,5015.0,4958.0,8507.0,7423.0,5865.0,3330.0,1724.0,249.0,12.0,95986.0,95986.0,7104.0,11644.0,10810.0,9993.0,17233.0,16641.0,12694.0,6408.0,3081.0,362.0,16.0,48342.0,48342.0,3668.0,6051.0,5765.0,5059.0,8551.0,8732.0,6352.0,2910.0,1153.0,100.0,1.0,47644.0,47644.0,3436.0,5593.0,5045.0,4934.0,8682.0,7909.0,6342.0,3498.0,1928.0,262.0,15.0,96010.0,96010.0,6506.0,11495.0,10690.0,9927.0,16571.0,17168.0,13204.0,6721.0,3293.0,418.0,17.0,48273.0,48273.0,3368.0,5975.0,5670.0,5130.0,8155.0,8949.0,6595.0,3064.0,1240.0,124.0,3.0,47737.0,47737.0,3138.0,5520.0,5020.0,4797.0,8416.0,8219.0,6609.0,3657.0,2053.0,294.0,14.0,95374.0,95374.0,5845.0,11293.0,10543.0,9781.0,15601.0,17530.0,13619.0,7162.0,3491.0,496.0,13.0,47932.0,47932.0,3045.0,5816.0,5623.0,5077.0,7659.0,9108.0,6838.0,3295.0,1324.0,144.0,3.0,47442.0,47442.0,2800.0,5477.0,4920.0,4704.0,7942.0,8422.0,6781.0,3867.0,2167.0,352.0,10.0,94778.0,94778.0,5311.0,11126.0,10338.0,9643.0,14836.0,17613.0,13921.0,7729.0,3647.0,601.0,13.0,47492.0,47492.0,2765.0,5731.0,5504.0,5025.0,7246.0,9071.0,6999.0,3578.0,1396.0,172.0,5.0,47286.0,47286.0,2546.0,5395.0,4834.0,4618.0,7590.0,8542.0,6922.0,4151.0,2251.0,429.0,8.0,93126.0,37023.0,2.52,47002.0,46124.0,1.02,93408.0,37895.0,2.46,47191.0,46217.0,1.02,95986.0,39371.0,2.44,48342.0,47644.0,1.01,96010.0,39698.0,2.42,48273.0,47737.0,1.01,95374.0,39787.0,2.4,47932.0,47442.0,1.01,94778.0,39949.0,2.37,47492.0,47286.0,1.0
화도읍,118521.0,118521.0,10498.0,12770.0,13793.0,14779.0,22214.0,19713.0,13711.0,7627.0,2967.0,415.0,34.0,59490.0,59490.0,5428.0,6666.0,7225.0,7430.0,11300.0,10199.0,6607.0,3427.0,1108.0,90.0,10.0,59031.0,59031.0,5070.0,6104.0,6568.0,7349.0,10914.0,9514.0,7104.0,4200.0,1859.0,325.0,24.0,118810.0,118810.0,9679.0,12767.0,13705.0,13867.0,22099.0,20324.0,14856.0,7686.0,3340.0,473.0,14.0,59451.0,59451.0,4991.0,6692.0,7193.0,6947.0,11140.0,10505.0,7181.0,3411.0,1274.0,113.0,4.0,59359.0,59359.0,4688.0,6075.0,6512.0,6920.0,10959.0,9819.0,7675.0,4275.0,2066.0,360.0,10.0,116847.0,116847.0,8761.0,12740.0,12959.0,12830.0,21406.0,20664.0,15353.0,7932.0,3687.0,501.0,14.0,58407.0,58407.0,4523.0,6664.0,6834.0,6447.0,10681.0,10677.0,7520.0,3504.0,1433.0,121.0,3.0,58440.0,58440.0,4238.0,6076.0,6125.0,6383.0,10725.0,9987.0,7833.0,4428.0,2254.0,380.0,11.0,114124.0,114124.0,7746.0,12442.0,12396.0,11824.0,20315.0,21012.0,15809.0,8169.0,3887.0,504.0,20.0,56985.0,56985.0,3984.0,6465.0,6551.0,5980.0,10120.0,10817.0,7795.0,3634.0,1526.0,111.0,2.0,57139.0,57139.0,3762.0,5977.0,5845.0,5844.0,10195.0,10195.0,8014.0,4535.0,2361.0,393.0,18.0,112518.0,112518.0,6820.0,12203.0,12027.0,11240.0,19165.0,21373.0,16297.0,8677.0,4126.0,573.0,17.0,56180.0,56180.0,3504.0,6332.0,6336.0,5784.0,9553.0,10941.0,8107.0,3897.0,1594.0,130.0,2.0,56338.0,56338.0,3316.0,5871.0,5691.0,5456.0,9612.0,10432.0,8190.0,4780.0,2532.0,443.0,15.0,111622.0,111622.0,6194.0,11975.0,11596.0,11037.0,18200.0,21544.0,16822.0,9248.0,4330.0,662.0,14.0,55799.0,55799.0,3205.0,6212.0,6160.0,5728.0,9007.0,11069.0,8402.0,4159.0,1699.0,157.0,1.0,55823.0,55823.0,2989.0,5763.0,5436.0,5309.0,9193.0,10475.0,8420.0,5089.0,2631.0,505.0,13.0,118521.0,48554.0,4.84,59490.0,59031.0,2.0300000000000002,118810.0,49436.0,4.8100000000000005,59451.0,59359.0,2.01,116847.0,49290.0,7.1899999999999995,58407.0,58440.0,3.01,114124.0,48734.0,7.109999999999999,56985.0,57139.0,3.0,112518.0,48616.0,7.03,56180.0,56338.0,3.0,111622.0,48805.0,6.95,55799.0,55823.0,3.01
진건읍,24330.0,24330.0,1067.0,1932.0,3335.0,2331.0,3379.0,5210.0,4015.0,1960.0,950.0,138.0,13.0,12634.0,12634.0,594.0,986.0,1842.0,1260.0,1801.0,2772.0,2120.0,879.0,350.0,29.0,1.0,11696.0,11696.0,473.0,946.0,1493.0,1071.0,1578.0,2438.0,1895.0,1081.0,600.0,109.0,12.0,23505.0,23505.0,905.0,1742.0,3108.0,2253.0,3120.0,4996.0,4284.0,1956.0,994.0,141.0,6.0,12230.0,12230.0,500.0,900.0,1732.0,1252.0,1655.0,2637.0,2258.0,899.0,366.0,31.0,0.0,11275.0,11275.0,405.0,842.0,1376.0,1001.0,1465.0,2359.0,2026.0,1057.0,628.0,110.0,6.0,22286.0,22286.0,777.0,1611.0,2750.0,2191.0,2827.0,4659.0,4298.0,1984.0,1057.0,125.0,7.0,11577.0,11577.0,435.0,848.0,1531.0,1224.0,1496.0,2448.0,2259.0,910.0,402.0,23.0,1.0,10709.0,10709.0,342.0,763.0,1219.0,967.0,1331.0,2211.0,2039.0,1074.0,655.0,102.0,6.0,20979.0,20979.0,680.0,1501.0,2441.0,2086.0,2532.0,4324.0,4272.0,1971.0,1022.0,144.0,6.0,10887.0,10887.0,382.0,794.0,1342.0,1180.0,1322.0,2286.0,2260.0,913.0,378.0,29.0,1.0,10092.0,10092.0,298.0,707.0,1099.0,906.0,1210.0,2038.0,2012.0,1058.0,644.0,115.0,5.0,20236.0,20236.0,593.0,1395.0,2227.0,2019.0,2314.0,4089.0,4329.0,2063.0,1023.0,176.0,8.0,10456.0,10456.0,323.0,752.0,1212.0,1148.0,1220.0,2140.0,2293.0,961.0,368.0,38.0,1.0,9780.0,9780.0,270.0,643.0,1015.0,871.0,1094.0,1949.0,2036.0,1102.0,655.0,138.0,7.0,19681.0,19681.0,544.0,1289.0,2073.0,1930.0,2215.0,3831.0,4365.0,2178.0,1060.0,188.0,8.0,10154.0,10154.0,293.0,710.0,1125.0,1098.0,1173.0,1989.0,2316.0,1027.0,378.0,44.0,1.0,9527.0,9527.0,251.0,579.0,948.0,832.0,1042.0,1842.0,2049.0,1151.0,682.0,144.0,7.0,24330.0,11057.0,2.2,12634.0,11696.0,1.08,23505.0,10902.0,2.16,12230.0,11275.0,1.08,22286.0,10471.0,2.13,11577.0,10709.0,1.08,20979.0,9914.0,2.12,10887.0,10092.0,1.08,20236.0,9702.0,2.09,10456.0,9780.0,1.07,19681.0,9532.0,2.06,10154.0,9527.0,1.07
오남읍,53618.0,53618.0,4033.0,6625.0,6697.0,5451.0,10269.0,9574.0,5734.0,3542.0,1499.0,190.0,4.0,26960.0,26960.0,2089.0,3375.0,3587.0,2731.0,5186.0,5039.0,2805.0,1531.0,569.0,47.0,1.0,26658.0,26658.0,1944.0,3250.0,3110.0,2720.0,5083.0,4535.0,2929.0,2011.0,930.0,143.0,3.0,53494.0,53494.0,3605.0,6436.0,6782.0,5340.0,9762.0,10067.0,6143.0,3486.0,1655.0,211.0,7.0,26872.0,26872.0,1862.0,3335.0,3576.0,2729.0,4845.0,5323.0,3009.0,1510.0,632.0,50.0,1.0,26622.0,26622.0,1743.0,3101.0,3206.0,2611.0,4917.0,4744.0,3134.0,1976.0,1023.0,161.0,6.0,52658.0,52658.0,3144.0,6142.0,6676.0,5088.0,9252.0,10301.0,6432.0,3560.0,1824.0,234.0,5.0,26410.0,26410.0,1626.0,3181.0,3529.0,2614.0,4586.0,5403.0,3198.0,1537.0,680.0,55.0,1.0,26248.0,26248.0,1518.0,2961.0,3147.0,2474.0,4666.0,4898.0,3234.0,2023.0,1144.0,179.0,4.0,51729.0,51729.0,2701.0,5875.0,6517.0,4872.0,8559.0,10572.0,6789.0,3662.0,1914.0,263.0,5.0,25897.0,25897.0,1376.0,3072.0,3419.0,2548.0,4238.0,5505.0,3369.0,1587.0,724.0,57.0,2.0,25832.0,25832.0,1325.0,2803.0,3098.0,2324.0,4321.0,5067.0,3420.0,2075.0,1190.0,206.0,3.0,51163.0,51163.0,2387.0,5572.0,6462.0,4776.0,7921.0,10791.0,7128.0,3816.0,2017.0,287.0,6.0,25523.0,25523.0,1231.0,2910.0,3358.0,2505.0,3914.0,5543.0,3585.0,1655.0,758.0,62.0,2.0,25640.0,25640.0,1156.0,2662.0,3104.0,2271.0,4007.0,5248.0,3543.0,2161.0,1259.0,225.0,4.0,50565.0,50565.0,2125.0,5328.0,6266.0,4847.0,7247.0,10835.0,7442.0,4029.0,2111.0,328.0,7.0,25177.0,25177.0,1082.0,2744.0,3254.0,2603.0,3583.0,5552.0,3768.0,1742.0,778.0,70.0,1.0,25388.0,25388.0,1043.0,2584.0,3012.0,2244.0,3664.0,5283.0,3674.0,2287.0,1333.0,258.0,6.0,53618.0,21431.0,2.5,26960.0,26658.0,1.01,53494.0,21911.0,2.44,26872.0,26622.0,1.01,52658.0,21865.0,2.41,26410.0,26248.0,1.01,51729.0,21734.0,2.38,25897.0,25832.0,1.0,51163.0,21721.0,2.36,25523.0,25640.0,1.0,50565.0,21700.0,2.33,25177.0,25388.0,0.99
퇴계원읍,29764.0,29764.0,1767.0,2607.0,4146.0,3348.0,4314.0,5745.0,4536.0,2217.0,972.0,103.0,9.0,14847.0,14847.0,878.0,1361.0,2209.0,1767.0,2160.0,2769.0,2294.0,1024.0,358.0,24.0,3.0,14917.0,14917.0,889.0,1246.0,1937.0,1581.0,2154.0,2976.0,2242.0,1193.0,614.0,79.0,6.0,28863.0,28863.0,1549.0,2471.0,3837.0,3194.0,4066.0,5527.0,4828.0,2226.0,1031.0,128.0,6.0,14392.0,14392.0,769.0,1295.0,2042.0,1699.0,2039.0,2688.0,2403.0,1043.0,381.0,32.0,1.0,14471.0,14471.0,780.0,1176.0,1795.0,1495.0,2027.0,2839.0,2425.0,1183.0,650.0,96.0,5.0,28179.0,28179.0,1375.0,2380.0,3561.0,3115.0,3887.0,5360.0,4981.0,2311.0,1086.0,120.0,3.0,14013.0,14013.0,686.0,1225.0,1893.0,1666.0,1963.0,2591.0,2443.0,1110.0,410.0,25.0,1.0,14166.0,14166.0,689.0,1155.0,1668.0,1449.0,1924.0,2769.0,2538.0,1201.0,676.0,95.0,2.0,27461.0,27461.0,1202.0,2288.0,3310.0,2975.0,3663.0,5200.0,5186.0,2374.0,1125.0,134.0,4.0,13637.0,13637.0,605.0,1180.0,1759.0,1604.0,1857.0,2514.0,2533.0,1131.0,422.0,31.0,1.0,13824.0,13824.0,597.0,1108.0,1551.0,1371.0,1806.0,2686.0,2653.0,1243.0,703.0,103.0,3.0,26960.0,26960.0,1096.0,2164.0,3097.0,2973.0,3395.0,5105.0,5272.0,2496.0,1208.0,150.0,4.0,13341.0,13341.0,555.0,1105.0,1638.0,1594.0,1714.0,2475.0,2574.0,1176.0,476.0,33.0,1.0,13619.0,13619.0,541.0,1059.0,1459.0,1379.0,1681.0,2630.0,2698.0,1320.0,732.0,117.0,3.0,26322.0,26322.0,985.0,2079.0,2883.0,2950.0,3180.0,4782.0,5359.0,2686.0,1237.0,178.0,3.0,13034.0,13034.0,493.0,1063.0,1538.0,1593.0,1602.0,2346.0,2575.0,1283.0,489.0,52.0,0.0,13288.0,13288.0,492.0,1016.0,1345.0,1357.0,1578.0,2436.0,2784.0,1403.0,748.0,126.0,3.0,29764.0,12164.0,2.45,14847.0,14917.0,1.0,28863.0,12029.0,2.4,14392.0,14471.0,0.99,28179.0,11828.0,2.38,14013.0,14166.0,0.99,27461.0,11631.0,2.36,13637.0,13824.0,0.99,26960.0,11536.0,2.34,13341.0,13619.0,0.98,26322.0,11335.0,2.32,13034.0,13288.0,0.98
별내면,19766.0,19766.0,1227.0,1979.0,2494.0,1810.0,3280.0,3645.0,2721.0,1730.0,750.0,110.0,20.0,9893.0,9893.0,622.0,1081.0,1245.0,944.0,1638.0,1917.0,1318.0,771.0,319.0,33.0,5.0,9873.0,9873.0,605.0,898.0,1249.0,866.0,1642.0,1728.0,1403.0,959.0,431.0,77.0,15.0,19511.0,19511.0,1130.0,1867.0,2471.0,1708.0,3092.0,3676.0,2907.0,1681.0,847.0,125.0,7.0,9778.0,9778.0,591.0,1003.0,1266.0,870.0,1588.0,1896.0,1415.0,743.0,364.0,40.0,2.0,9733.0,9733.0,539.0,864.0,1205.0,838.0,1504.0,1780.0,1492.0,938.0,483.0,85.0,5.0,18959.0,18959.0,953.0,1796.0,2296.0,1664.0,2895.0,3672.0,2956.0,1660.0,939.0,123.0,5.0,9492.0,9492.0,487.0,961.0,1179.0,863.0,1484.0,1890.0,1451.0,744.0,397.0,35.0,1.0,9467.0,9467.0,466.0,835.0,1117.0,801.0,1411.0,1782.0,1505.0,916.0,542.0,88.0,4.0,18505.0,18505.0,824.0,1698.0,2185.0,1553.0,2654.0,3736.0,3030.0,1715.0,980.0,124.0,6.0,9238.0,9238.0,415.0,885.0,1144.0,807.0,1348.0,1916.0,1516.0,761.0,410.0,35.0,1.0,9267.0,9267.0,409.0,813.0,1041.0,746.0,1306.0,1820.0,1514.0,954.0,570.0,89.0,5.0,18115.0,18115.0,722.0,1586.0,2046.0,1508.0,2398.0,3751.0,3133.0,1801.0,1033.0,129.0,8.0,9053.0,9053.0,363.0,823.0,1087.0,777.0,1231.0,1924.0,1569.0,815.0,429.0,32.0,3.0,9062.0,9062.0,359.0,763.0,959.0,731.0,1167.0,1827.0,1564.0,986.0,604.0,97.0,5.0,17852.0,17852.0,641.0,1558.0,1888.0,1505.0,2231.0,3666.0,3199.0,1968.0,1048.0,141.0,7.0,8910.0,8910.0,340.0,796.0,1001.0,773.0,1156.0,1865.0,1626.0,894.0,420.0,36.0,3.0,8942.0,8942.0,301.0,762.0,887.0,732.0,1075.0,1801.0,1573.0,1074.0,628.0,105.0,4.0,19766.0,8491.0,2.33,9893.0,9873.0,1.0,19511.0,8535.0,2.29,9778.0,9733.0,1.0,18959.0,8396.0,2.26,9492.0,9467.0,1.0,18505.0,8265.0,2.24,9238.0,9267.0,1.0,18115.0,8139.0,2.23,9053.0,9062.0,1.0,17852.0,8097.0,2.2,8910.0,8942.0,1.0
수동면,9076.0,9076.0,359.0,571.0,820.0,762.0,1052.0,1804.0,1941.0,1136.0,491.0,130.0,10.0,4754.0,4754.0,198.0,320.0,477.0,411.0,588.0,990.0,1006.0,552.0,182.0,24.0,6.0,4322.0,4322.0,161.0,251.0,343.0,351.0,464.0,814.0,935.0,584.0,309.0,106.0,4.0,8957.0,8957.0,303.0,542.0,802.0,733.0,981.0,1800.0,1999.0,1129.0,530.0,130.0,8.0,4720.0,4720.0,165.0,315.0,465.0,405.0,543.0,1006.0,1034.0,554.0,208.0,23.0,2.0,4237.0,4237.0,138.0,227.0,337.0,328.0,438.0,794.0,965.0,575.0,322.0,107.0,6.0,8855.0,8855.0,283.0,546.0,725.0,709.0,957.0,1737.0,2034.0,1155.0,551.0,152.0,6.0,4649.0,4649.0,151.0,311.0,430.0,398.0,519.0,965.0,1043.0,578.0,222.0,31.0,1.0,4206.0,4206.0,132.0,235.0,295.0,311.0,438.0,772.0,991.0,577.0,329.0,121.0,5.0,8807.0,8807.0,238.0,549.0,687.0,687.0,925.0,1675.0,2110.0,1198.0,581.0,151.0,6.0,4633.0,4633.0,119.0,312.0,421.0,402.0,498.0,914.0,1088.0,606.0,239.0,34.0,0.0,4174.0,4174.0,119.0,237.0,266.0,285.0,427.0,761.0,1022.0,592.0,342.0,117.0,6.0,8512.0,8512.0,197.0,473.0,615.0,623.0,845.0,1631.0,2082.0,1252.0,635.0,154.0,5.0,4450.0,4450.0,97.0,273.0,362.0,354.0,467.0,881.0,1085.0,624.0,270.0,36.0,1.0,4062.0,4062.0,100.0,200.0,253.0,269.0,378.0,750.0,997.0,628.0,365.0,118.0,4.0,8403.0,8403.0,187.0,428.0,567.0,605.0,817.0,1492.0,2147.0,1320.0,671.0,164.0,5.0,4372.0,4372.0,89.0,239.0,337.0,333.0,449.0,796.0,1145.0,658.0,288.0,36.0,2.0,4031.0,4031.0,98.0,189.0,230.0,272.0,368.0,696.0,1002.0,662.0,383.0,128.0,3.0,9076.0,4830.0,1.88,4754.0,4322.0,1.1,8957.0,4862.0,1.84,4720.0,4237.0,1.11,8855.0,4846.0,1.83,4649.0,4206.0,1.11,8807.0,4853.0,1.81,4633.0,4174.0,1.11,8512.0,4733.0,1.8,4450.0,4062.0,1.1,8403.0,4747.0,1.77,4372.0,4031.0,1.08
조안면,4195.0,4195.0,198.0,244.0,404.0,425.0,531.0,771.0,881.0,476.0,223.0,39.0,3.0,2175.0,2175.0,103.0,118.0,229.0,225.0,276.0,423.0,458.0,242.0,92.0,6.0,3.0,2020.0,2020.0,95.0,126.0,175.0,200.0,255.0,348.0,423.0,234.0,131.0,33.0,0.0,4086.0,4086.0,182.0,225.0,399.0,382.0,500.0,757.0,911.0,458.0,234.0,38.0,0.0,2110.0,2110.0,102.0,107.0,223.0,201.0,262.0,396.0,484.0,226.0,102.0,7.0,0.0,1976.0,1976.0,80.0,118.0,176.0,181.0,238.0,361.0,427.0,232.0,132.0,31.0,0.0,3983.0,3983.0,154.0,238.0,358.0,355.0,488.0,729.0,899.0,487.0,243.0,31.0,1.0,2064.0,2064.0,85.0,119.0,191.0,193.0,259.0,379.0,476.0,251.0,105.0,6.0,0.0,1919.0,1919.0,69.0,119.0,167.0,162.0,229.0,350.0,423.0,236.0,138.0,25.0,1.0,3874.0,3874.0,126.0,228.0,320.0,324.0,440.0,724.0,926.0,501.0,250.0,34.0,1.0,1997.0,1997.0,77.0,109.0,170.0,169.0,239.0,370.0,477.0,265.0,110.0,11.0,0.0,1877.0,1877.0,49.0,119.0,150.0,155.0,201.0,354.0,449.0,236.0,140.0,23.0,1.0,3792.0,3792.0,106.0,213.0,298.0,302.0,417.0,699.0,942.0,529.0,250.0,35.0,1.0,1966.0,1966.0,61.0,113.0,156.0,159.0,220.0,365.0,492.0,282.0,103.0,15.0,0.0,1826.0,1826.0,45.0,100.0,142.0,143.0,197.0,334.0,450.0,247.0,147.0,20.0,1.0,3703.0,3703.0,97.0,191.0,287.0,273.0,414.0,651.0,927.0,566.0,253.0,41.0,3.0,1908.0,1908.0,54.0,103.0,150.0,140.0,218.0,340.0,481.0,302.0,103.0,17.0,0.0,1795.0,1795.0,43.0,88.0,137.0,133.0,196.0,311.0,446.0,264.0,150.0,24.0,3.0,4195.0,2052.0,2.04,2175.0,2020.0,1.08,4086.0,2030.0,2.01,2110.0,1976.0,1.07,3983.0,1988.0,2.0,2064.0,1919.0,1.08,3874.0,1967.0,1.97,1997.0,1877.0,1.06,3792.0,1938.0,1.96,1966.0,1826.0,1.08,3703.0,1909.0,1.94,1908.0,1795.0,1.06
호평동,50880.0,50880.0,5431.0,6721.0,5586.0,6151.0,10802.0,7459.0,4550.0,2904.0,1100.0,167.0,9.0,24792.0,24792.0,2798.0,3471.0,2900.0,2832.0,5207.0,3822.0,2045.0,1247.0,426.0,41.0,3.0,26088.0,26088.0,2633.0,3250.0,2686.0,3319.0,5595.0,3637.0,2505.0,1657.0,674.0,126.0,6.0,57475.0,57475.0,6044.0,7138.0,6221.0,7357.0,11829.0,8710.0,5526.0,3149.0,1297.0,197.0,7.0,28029.0,28029.0,3151.0,3643.0,3247.0,3458.0,5717.0,4373.0,2515.0,1368.0,514.0,42.0,1.0,29446.0,29446.0,2893.0,3495.0,2974.0,3899.0,6112.0,4337.0,3011.0,1781.0,783.0,155.0,6.0,56736.0,56736.0,5391.0,7151.0,6092.0,6691.0,11603.0,9105.0,5769.0,3290.0,1440.0,195.0,9.0,27670.0,27670.0,2815.0,3629.0,3224.0,3154.0,5578.0,4569.0,2687.0,1383.0,581.0,48.0,2.0,29066.0,29066.0,2576.0,3522.0,2868.0,3537.0,6025.0,4536.0,3082.0,1907.0,859.0,147.0,7.0,56341.0,56341.0,4892.0,7105.0,6099.0,6189.0,11267.0,9624.0,5951.0,3413.0,1571.0,220.0,10.0,27494.0,27494.0,2569.0,3583.0,3223.0,2949.0,5403.0,4840.0,2791.0,1447.0,639.0,48.0,2.0,28847.0,28847.0,2323.0,3522.0,2876.0,3240.0,5864.0,4784.0,3160.0,1966.0,932.0,172.0,8.0,55809.0,55809.0,4332.0,6996.0,6011.0,5889.0,10810.0,10043.0,6193.0,3623.0,1687.0,219.0,6.0,27135.0,27135.0,2263.0,3522.0,3155.0,2814.0,5146.0,5037.0,2930.0,1529.0,684.0,54.0,1.0,28674.0,28674.0,2069.0,3474.0,2856.0,3075.0,5664.0,5006.0,3263.0,2094.0,1003.0,165.0,5.0,55592.0,55592.0,3989.0,6969.0,5913.0,5728.0,10325.0,10332.0,6436.0,3846.0,1796.0,253.0,5.0,26952.0,26952.0,2064.0,3564.0,3061.0,2770.0,4873.0,5138.0,3087.0,1592.0,731.0,71.0,1.0,28640.0,28640.0,1925.0,3405.0,2852.0,2958.0,5452.0,5194.0,3349.0,2254.0,1065.0,182.0,4.0,50880.0,19079.0,2.67,24792.0,26088.0,0.95,57475.0,21856.0,2.63,28029.0,29446.0,0.95,56736.0,21749.0,2.61,27670.0,29066.0,0.95,56341.0,21736.0,2.59,27494.0,28847.0,0.95,55809.0,21767.0,2.56,27135.0,28674.0,0.95,55592.0,21890.0,2.54,26952.0,28640.0,0.94
평내동,36643.0,36643.0,3279.0,5050.0,4473.0,4316.0,7453.0,5827.0,3402.0,1883.0,840.0,116.0,4.0,18041.0,18041.0,1666.0,2590.0,2260.0,2109.0,3643.0,2992.0,1619.0,830.0,302.0,30.0,0.0,18602.0,18602.0,1613.0,2460.0,2213.0,2207.0,3810.0,2835.0,1783.0,1053.0,538.0,86.0,4.0,36620.0,36620.0,3052.0,4847.0,4598.0,4265.0,7132.0,6164.0,3624.0,1913.0,904.0,118.0,3.0,18078.0,18078.0,1571.0,2516.0,2298.0,2119.0,3487.0,3143.0,1717.0,860.0,334.0,33.0,0.0,18542.0,18542.0,1481.0,2331.0,2300.0,2146.0,3645.0,3021.0,1907.0,1053.0,570.0,85.0,3.0,37739.0,37739.0,2980.0,4856.0,4634.0,4509.0,7130.0,6553.0,3916.0,2019.0,1007.0,128.0,7.0,18542.0,18542.0,1530.0,2479.0,2362.0,2254.0,3446.0,3286.0,1876.0,911.0,366.0,32.0,0.0,19197.0,19197.0,1450.0,2377.0,2272.0,2255.0,3684.0,3267.0,2040.0,1108.0,641.0,96.0,7.0,37869.0,37869.0,2816.0,4772.0,4599.0,4401.0,6912.0,6915.0,4114.0,2139.0,1051.0,141.0,9.0,18565.0,18565.0,1458.0,2419.0,2335.0,2201.0,3333.0,3454.0,1978.0,955.0,390.0,39.0,3.0,19304.0,19304.0,1358.0,2353.0,2264.0,2200.0,3579.0,3461.0,2136.0,1184.0,661.0,102.0,6.0,37487.0,37487.0,2553.0,4603.0,4528.0,4332.0,6532.0,7083.0,4309.0,2262.0,1110.0,170.0,5.0,18390.0,18390.0,1315.0,2352.0,2299.0,2162.0,3146.0,3570.0,2069.0,999.0,429.0,47.0,2.0,19097.0,19097.0,1238.0,2251.0,2229.0,2170.0,3386.0,3513.0,2240.0,1263.0,681.0,123.0,3.0,37376.0,37376.0,2402.0,4485.0,4358.0,4404.0,6222.0,7255.0,4457.0,2433.0,1166.0,191.0,3.0,18331.0,18331.0,1222.0,2290.0,2220.0,2213.0,3028.0,3606.0,2169.0,1103.0,422.0,56.0,2.0,19045.0,19045.0,1180.0,2195.0,2138.0,2191.0,3194.0,3649.0,2288.0,1330.0,744.0,135.0,1.0,36643.0,13503.0,2.71,18041.0,18602.0,0.97,36620.0,13757.0,2.66,18078.0,18542.0,0.97,37739.0,14435.0,2.61,18542.0,19197.0,0.97,37869.0,14551.0,2.6,18565.0,19304.0,0.96,37487.0,14558.0,2.58,18390.0,19097.0,0.96,37376.0,14602.0,2.56,18331.0,19045.0,0.96
금곡동,18992.0,18992.0,740.0,1200.0,2514.0,2125.0,2291.0,3917.0,3532.0,1648.0,876.0,133.0,16.0,9667.0,9667.0,374.0,635.0,1390.0,1202.0,1221.0,1949.0,1788.0,766.0,307.0,30.0,5.0,9325.0,9325.0,366.0,565.0,1124.0,923.0,1070.0,1968.0,1744.0,882.0,569.0,103.0,11.0,18448.0,18448.0,619.0,1076.0,2414.0,1980.0,2115.0,3785.0,3798.0,1638.0,880.0,140.0,3.0,9442.0,9442.0,308.0,566.0,1353.0,1147.0,1127.0,1914.0,1928.0,765.0,308.0,26.0,0.0,9006.0,9006.0,311.0,510.0,1061.0,833.0,988.0,1871.0,1870.0,873.0,572.0,114.0,3.0,17867.0,17867.0,533.0,995.0,2127.0,1950.0,2017.0,3580.0,3855.0,1720.0,947.0,134.0,9.0,9154.0,9154.0,265.0,524.0,1187.0,1119.0,1081.0,1809.0,1967.0,818.0,355.0,29.0,0.0,8713.0,8713.0,268.0,471.0,940.0,831.0,936.0,1771.0,1888.0,902.0,592.0,105.0,9.0,17703.0,17703.0,470.0,931.0,1992.0,2008.0,1926.0,3375.0,4024.0,1783.0,1048.0,141.0,5.0,9047.0,9047.0,247.0,487.0,1097.0,1137.0,1070.0,1702.0,2026.0,856.0,400.0,25.0,0.0,8656.0,8656.0,223.0,444.0,895.0,871.0,856.0,1673.0,1998.0,927.0,648.0,116.0,5.0,17141.0,17141.0,396.0,852.0,1778.0,1914.0,1832.0,3171.0,4068.0,1923.0,1047.0,155.0,5.0,8747.0,8747.0,202.0,442.0,990.0,1100.0,1011.0,1620.0,2029.0,917.0,406.0,30.0,0.0,8394.0,8394.0,194.0,410.0,788.0,814.0,821.0,1551.0,2039.0,1006.0,641.0,125.0,5.0,16950.0,16950.0,403.0,780.0,1613.0,1997.0,1824.0,2951.0,4033.0,2129.0,1047.0,167.0,6.0,8644.0,8644.0,219.0,397.0,885.0,1136.0,1029.0,1508.0,2003.0,1028.0,406.0,33.0,0.0,8306.0,8306.0,184.0,383.0,728.0,861.0,795.0,1443.0,2030.0,1101.0,641.0,134.0,6.0,18992.0,8945.0,2.12,9667.0,9325.0,1.04,18448.0,8906.0,2.07,9442.0,9006.0,1.05,17867.0,8736.0,2.05,9154.0,8713.0,1.05,17703.0,8873.0,2.0,9047.0,8656.0,1.05,17141.0,8684.0,1.97,8747.0,8394.0,1.04,16950.0,8694.0,1.95,8644.0,8306.0,1.04
양정동,4620.0,4620.0,167.0,200.0,531.0,498.0,491.0,911.0,1077.0,489.0,225.0,23.0,8.0,2613.0,2613.0,83.0,101.0,315.0,309.0,316.0,518.0,636.0,241.0,89.0,5.0,0.0,2007.0,2007.0,84.0,99.0,216.0,189.0,175.0,393.0,441.0,248.0,136.0,18.0,8.0,4220.0,4220.0,146.0,159.0,480.0,456.0,426.0,833.0,1036.0,440.0,223.0,20.0,1.0,2416.0,2416.0,80.0,81.0,285.0,282.0,270.0,481.0,616.0,221.0,94.0,6.0,0.0,1804.0,1804.0,66.0,78.0,195.0,174.0,156.0,352.0,420.0,219.0,129.0,14.0,1.0,3737.0,3737.0,120.0,131.0,413.0,417.0,364.0,727.0,932.0,410.0,203.0,19.0,1.0,2163.0,2163.0,59.0,66.0,262.0,251.0,233.0,428.0,565.0,209.0,82.0,8.0,0.0,1574.0,1574.0,61.0,65.0,151.0,166.0,131.0,299.0,367.0,201.0,121.0,11.0,1.0,2911.0,2911.0,80.0,98.0,326.0,312.0,274.0,573.0,729.0,337.0,165.0,16.0,1.0,1733.0,1733.0,41.0,47.0,215.0,192.0,175.0,360.0,446.0,177.0,73.0,7.0,0.0,1178.0,1178.0,39.0,51.0,111.0,120.0,99.0,213.0,283.0,160.0,92.0,9.0,1.0,2413.0,2413.0,77.0,86.0,259.0,272.0,229.0,454.0,601.0,272.0,144.0,17.0,2.0,1424.0,1424.0,44.0,43.0,161.0,171.0,147.0,280.0,357.0,151.0,64.0,6.0,0.0,989.0,989.0,33.0,43.0,98.0,101.0,82.0,174.0,244.0,121.0,80.0,11.0,2.0,2164.0,2164.0,58.0,86.0,232.0,249.0,221.0,369.0,529.0,279.0,119.0,20.0,2.0,1284.0,1284.0,33.0,44.0,156.0,161.0,139.0,225.0,308.0,156.0,53.0,9.0,0.0,880.0,880.0,25.0,42.0,76.0,88.0,82.0,144.0,221.0,123.0,66.0,11.0,2.0,4620.0,2605.0,1.77,2613.0,2007.0,1.3,4220.0,2452.0,1.72,2416.0,1804.0,1.34,3737.0,2207.0,1.69,2163.0,1574.0,1.37,2911.0,1783.0,1.63,1733.0,1178.0,1.47,2413.0,1474.0,1.64,1424.0,989.0,1.44,2164.0,1322.0,1.64,1284.0,880.0,1.46
다산1동,77068.0,77068.0,10223.0,7947.0,8928.0,13071.0,14890.0,10089.0,6957.0,3417.0,1335.0,196.0,15.0,37865.0,37865.0,5206.0,3996.0,4475.0,6204.0,7602.0,4941.0,3265.0,1654.0,488.0,33.0,1.0,39203.0,39203.0,5017.0,3951.0,4453.0,6867.0,7288.0,5148.0,3692.0,1763.0,847.0,163.0,14.0,91650.0,91650.0,12259.0,9453.0,9936.0,15451.0,18100.0,11863.0,8581.0,4141.0,1607.0,251.0,8.0,44975.0,44975.0,6241.0,4765.0,4898.0,7264.0,9324.0,5875.0,3964.0,1991.0,612.0,41.0,0.0,46675.0,46675.0,6018.0,4688.0,5038.0,8187.0,8776.0,5988.0,4617.0,2150.0,995.0,210.0,8.0,100026.0,100026.0,12822.0,10755.0,10723.0,16626.0,20090.0,12664.0,9345.0,4815.0,1923.0,255.0,8.0,49030.0,49030.0,6571.0,5441.0,5154.0,7830.0,10339.0,6282.0,4350.0,2272.0,745.0,44.0,2.0,50996.0,50996.0,6251.0,5314.0,5569.0,8796.0,9751.0,6382.0,4995.0,2543.0,1178.0,211.0,6.0,101791.0,101791.0,12163.0,11542.0,10406.0,16142.0,20808.0,13274.0,9794.0,5291.0,2080.0,282.0,9.0,49828.0,49828.0,6244.0,5828.0,4987.0,7627.0,10550.0,6635.0,4599.0,2482.0,822.0,52.0,2.0,51963.0,51963.0,5919.0,5714.0,5419.0,8515.0,10258.0,6639.0,5195.0,2809.0,1258.0,230.0,7.0,105470.0,105470.0,11739.0,12295.0,10383.0,16798.0,21543.0,13980.0,10328.0,5778.0,2294.0,320.0,12.0,51503.0,51503.0,6034.0,6215.0,4909.0,7950.0,10864.0,6998.0,4871.0,2699.0,883.0,77.0,3.0,53967.0,53967.0,5705.0,6080.0,5474.0,8848.0,10679.0,6982.0,5457.0,3079.0,1411.0,243.0,9.0,105753.0,105753.0,10811.0,12969.0,9906.0,16462.0,21488.0,14453.0,10477.0,6354.0,2464.0,357.0,12.0,51449.0,51449.0,5547.0,6542.0,4668.0,7780.0,10692.0,7220.0,4985.0,2925.0,995.0,92.0,3.0,54304.0,54304.0,5264.0,6427.0,5238.0,8682.0,10796.0,7233.0,5492.0,3429.0,1469.0,265.0,9.0,77068.0,28407.0,2.71,37865.0,39203.0,0.97,91650.0,35000.0,2.62,44975.0,46675.0,0.96,100026.0,39140.0,2.56,49030.0,50996.0,0.96,101791.0,40169.0,2.53,49828.0,51963.0,0.96,105470.0,42059.0,2.51,51503.0,53967.0,0.95,105753.0,42197.0,2.51,51449.0,54304.0,0.95
다산2동,36282.0,36282.0,4843.0,3738.0,3841.0,5984.0,7285.0,5146.0,3366.0,1433.0,545.0,86.0,15.0,17680.0,17680.0,2456.0,1924.0,1949.0,2733.0,3675.0,2517.0,1548.0,662.0,192.0,19.0,5.0,18602.0,18602.0,2387.0,1814.0,1892.0,3251.0,3610.0,2629.0,1818.0,771.0,353.0,67.0,10.0,35495.0,35495.0,4466.0,3896.0,3659.0,5026.0,7431.0,5296.0,3569.0,1470.0,593.0,88.0,1.0,17336.0,17336.0,2257.0,2019.0,1867.0,2276.0,3731.0,2620.0,1648.0,680.0,219.0,19.0,0.0,18159.0,18159.0,2209.0,1877.0,1792.0,2750.0,3700.0,2676.0,1921.0,790.0,374.0,69.0,1.0,35489.0,35489.0,4026.0,4132.0,3643.0,4438.0,7624.0,5516.0,3741.0,1615.0,650.0,102.0,2.0,17345.0,17345.0,2040.0,2112.0,1892.0,2010.0,3773.0,2758.0,1743.0,753.0,241.0,23.0,0.0,18144.0,18144.0,1986.0,2020.0,1751.0,2428.0,3851.0,2758.0,1998.0,862.0,409.0,79.0,2.0,36184.0,36184.0,3795.0,4296.0,3740.0,4414.0,7800.0,5770.0,3851.0,1717.0,689.0,109.0,3.0,17663.0,17663.0,1879.0,2194.0,1924.0,2027.0,3877.0,2881.0,1807.0,782.0,261.0,30.0,1.0,18521.0,18521.0,1916.0,2102.0,1816.0,2387.0,3923.0,2889.0,2044.0,935.0,428.0,79.0,2.0,36533.0,36533.0,3575.0,4436.0,3713.0,4473.0,7706.0,5940.0,3990.0,1844.0,734.0,120.0,2.0,17828.0,17828.0,1773.0,2260.0,1872.0,2112.0,3768.0,3014.0,1877.0,846.0,274.0,31.0,1.0,18705.0,18705.0,1802.0,2176.0,1841.0,2361.0,3938.0,2926.0,2113.0,998.0,460.0,89.0,1.0,36521.0,36521.0,3371.0,4535.0,3541.0,4498.0,7519.0,6044.0,4071.0,2050.0,772.0,118.0,2.0,17779.0,17779.0,1667.0,2302.0,1783.0,2096.0,3692.0,3037.0,1938.0,947.0,284.0,32.0,1.0,18742.0,18742.0,1704.0,2233.0,1758.0,2402.0,3827.0,3007.0,2133.0,1103.0,488.0,86.0,1.0,36282.0,13653.0,2.66,17680.0,18602.0,0.95,35495.0,13388.0,2.65,17336.0,18159.0,0.95,35489.0,13604.0,2.61,17345.0,18144.0,0.96,36184.0,14059.0,2.57,17663.0,18521.0,0.95,36533.0,14244.0,2.56,17828.0,18705.0,0.95,36521.0,14310.0,2.55,17779.0,18742.0,0.95
별내동,73938.0,73938.0,8571.0,6770.0,9057.0,11955.0,13285.0,10887.0,8201.0,3623.0,1360.0,213.0,16.0,35961.0,35961.0,4362.0,3343.0,4491.0,5810.0,6605.0,5198.0,3928.0,1725.0,460.0,35.0,4.0,37977.0,37977.0,4209.0,3427.0,4566.0,6145.0,6680.0,5689.0,4273.0,1898.0,900.0,178.0,12.0,79030.0,79030.0,8400.0,7169.0,9650.0,12842.0,14128.0,11806.0,9226.0,3976.0,1581.0,234.0,18.0,38402.0,38402.0,4244.0,3560.0,4710.0,6246.0,7073.0,5648.0,4398.0,1913.0,560.0,45.0,5.0,40628.0,40628.0,4156.0,3609.0,4940.0,6596.0,7055.0,6158.0,4828.0,2063.0,1021.0,189.0,13.0,79808.0,79808.0,7811.0,7544.0,9296.0,12600.0,14445.0,11932.0,9745.0,4388.0,1749.0,283.0,15.0,38762.0,38762.0,3955.0,3776.0,4515.0,6165.0,7171.0,5714.0,4677.0,2089.0,640.0,56.0,4.0,41046.0,41046.0,3856.0,3768.0,4781.0,6435.0,7274.0,6218.0,5068.0,2299.0,1109.0,227.0,11.0,80391.0,80391.0,7252.0,7809.0,9138.0,12127.0,14576.0,12322.0,10214.0,4742.0,1909.0,289.0,13.0,39004.0,39004.0,3662.0,3925.0,4414.0,5910.0,7213.0,5927.0,4901.0,2272.0,717.0,62.0,1.0,41387.0,41387.0,3590.0,3884.0,4724.0,6217.0,7363.0,6395.0,5313.0,2470.0,1192.0,227.0,12.0,82813.0,82813.0,7032.0,8230.0,9234.0,12339.0,14818.0,12784.0,10737.0,5323.0,1989.0,314.0,13.0,40192.0,40192.0,3575.0,4151.0,4461.0,5989.0,7296.0,6172.0,5174.0,2522.0,776.0,76.0,0.0,42621.0,42621.0,3457.0,4079.0,4773.0,6350.0,7522.0,6612.0,5563.0,2801.0,1213.0,238.0,13.0,82897.0,82897.0,6506.0,8493.0,8820.0,12308.0,14657.0,12951.0,10816.0,5879.0,2092.0,364.0,11.0,40189.0,40189.0,3321.0,4270.0,4281.0,6001.0,7201.0,6211.0,5201.0,2752.0,858.0,91.0,2.0,42708.0,42708.0,3185.0,4223.0,4539.0,6307.0,7456.0,6740.0,5615.0,3127.0,1234.0,273.0,9.0,73938.0,29792.0,2.48,35961.0,37977.0,0.95,79030.0,32998.0,2.39,38402.0,40628.0,0.95,79808.0,33775.0,2.36,38762.0,41046.0,0.94,80391.0,34307.0,2.34,39004.0,41387.0,0.94,82813.0,35575.0,2.33,40192.0,42621.0,0.94,82897.0,35845.0,2.31,40189.0,42708.0,0.94
